{"Stage2Loss": 2.1288347436209856, "_timestamp": 1693439140.1231902, "Perplexity Score": 8192008.5, "last_token_porb": 0.0003615766763687134, "_runtime": 19.52338409423828, "_step": 2, "_wandb": {"runtime": 19}}