{"Stage2Loss": 1.962441585831723, "_timestamp": 1693439057.05468, "Perplexity Score": 583362.8125, "last_token_porb": 0.00020289259555283934, "_runtime": 19.69428300857544, "_step": 2, "_wandb": {"runtime": 19}}